{
  "inputs": [
    [
      0.001,
      0.25,
      0.05,
      100.0
    ],
    [
      0.001,
      0.30357007336346453,
      0.05,
      100.0
    ],
    [
      0.001,
      0.3686191577675969,
      0.05,
      100.0
    ],
    [
      0.001,
      0.4476069790667515,
      0.05,
      100.0
    ],
    [
      0.001,
      0.5435203338931699,
      0.05,
      100.0
    ],
    [
      0.001,
      0.6599860305379374,
      0.05,
      100.0
    ],
    [
      0.001,
      0.8014080308370534,
      0.05,
      100.0
    ],
    [
      0.001,
      0.9731339788610956,
      0.05,
      100.0
    ],
    [
      0.001,
      1.1816574134213718,
      0.05,
      100.0
    ],
    [
      0.001,
      1.4348633107312303,
      0.05,
      100.0
    ],
    [
      0.001,
      1.7423262420208925,
      0.05,
      100.0
    ],
    [
      0.001,
      2.115672420453487,
      0.05,
      100.0
    ],
    [
      0.001,
      2.569019327560494,
      0.05,
      100.0
    ],
    [
      0.001,
      3.11950954295879,
      0.05,
      100.0
    ],
    [
      0.001,
      3.7879589632561097,
      0.05,
      100.0
    ],
    [
      0.001,
      4.599643921493801,
      0.05,
      100.0
    ],
    [
      0.001,
      5.585256970774747,
      0.05,
      100.0
    ],
    [
      0.001,
      6.782067473487566,
      0.05,
      100.0
    ],
    [
      0.001,
      8.235330881930349,
      0.05,
      100.0
    ],
    [
      0.001,
      10.0,
      0.05,
      100.0
    ]
  ],
  "outputs": [
    [
      1105,
      0.0,
      0.0,
      0.0
    ],
    [
      1409,
      0.0,
      0.0,
      0.0
    ],
    [
      1743,
      0.0,
      0.0,
      0.0
    ],
    [
      2144,
      0.0,
      0.0,
      0.0
    ],
    [
      2576,
      0.0,
      0.0,
      0.0
    ],
    [
      3043,
      0.0,
      0.0,
      0.0
    ],
    [
      3545,
      0.0,
      0.0,
      0.0
    ],
    [
      4081,
      0.0,
      0.0,
      0.0
    ],
    [
      4529,
      0.0,
      0.0,
      0.0
    ],
    [
      4828,
      0.0,
      0.0,
      0.0
    ],
    [
      4974,
      0.0,
      0.0,
      0.0
    ],
    [
      4806,
      0.0,
      0.0,
      0.0
    ],
    [
      4417,
      0.0,
      0.0,
      0.0
    ],
    [
      3825,
      0.0,
      0.0,
      0.0
    ],
    [
      3212,
      0.0,
      0.0,
      0.0
    ],
    [
      2711,
      0.0,
      0.0,
      0.0
    ],
    [
      2333,
      0.0,
      0.0,
      0.0
    ],
    [
      2083,
      0.0,
      0.0,
      0.0
    ],
    [
      1909,
      0.0,
      0.0,
      0.0
    ],
    [
      1805,
      0.0,
      0.0,
      0.0
    ]
  ],
  "num_samples": 100,
  "dim_sys": 2,
  "label": "single qubit"
}