{
  "inputs": [
    [
      0.0020000000000000005,
      0.5,
      0.05,
      50.0
    ],
    [
      0.0020000000000000005,
      0.5853899568613897,
      0.05,
      50.0
    ],
    [
      0.0020000000000000005,
      0.6853628031883593,
      0.05,
      50.0
    ],
    [
      0.0020000000000000005,
      0.8024090035856696,
      0.05,
      50.0
    ],
    [
      0.0020000000000000005,
      0.9394443439884115,
      0.05,
      50.0
    ],
    [
      0.0020000000000000005,
      1.0998825680021054,
      0.05,
      50.0
    ],
    [
      0.0020000000000000005,
      1.287720418070694,
      0.05,
      50.0
    ],
    [
      0.0020000000000000005,
      1.5076371999678686,
      0.05,
      50.0
    ],
    [
      0.0020000000000000005,
      1.7651113509036338,
      0.05,
      50.0
    ],
    [
      0.0020000000000000005,
      2.066556915122055,
      0.05,
      50.0
    ],
    [
      0.0020000000000000005,
      2.419483326789812,
      0.05,
      50.0
    ],
    [
      0.0020000000000000005,
      2.83268248059268,
      0.05,
      50.0
    ],
    [
      0.0020000000000000005,
      3.3164477502323266,
      0.05,
      50.0
    ],
    [
      0.0020000000000000005,
      3.882830410883109,
      0.05,
      50.0
    ],
    [
      0.0020000000000000005,
      4.54593985345391,
      0.05,
      50.0
    ],
    [
      0.0020000000000000005,
      5.322295069415713,
      0.05,
      50.0
    ],
    [
      0.0020000000000000005,
      6.2312361621777015,
      0.05,
      50.0
    ],
    [
      0.0020000000000000005,
      7.295406136340672,
      0.05,
      50.0
    ],
    [
      0.0020000000000000005,
      8.541314966877566,
      0.05,
      50.0
    ],
    [
      0.0020000000000000005,
      10.0,
      0.05,
      50.0
    ]
  ],
  "outputs": [
    [
      2373,
      0.0,
      0.0,
      0.0
    ],
    [
      2736,
      0.0,
      0.0,
      0.0
    ],
    [
      3137,
      0.0,
      0.0,
      0.0
    ],
    [
      3545,
      0.0,
      0.0,
      0.0
    ],
    [
      3993,
      0.0,
      0.0,
      0.0
    ],
    [
      4366,
      0.0,
      0.0,
      0.0
    ],
    [
      4685,
      0.0,
      0.0,
      0.0
    ],
    [
      4936,
      0.0,
      0.0,
      0.0
    ],
    [
      5004,
      0.0,
      0.0,
      0.0
    ],
    [
      4896,
      0.0,
      0.0,
      0.0
    ],
    [
      4575,
      0.0,
      0.0,
      0.0
    ],
    [
      4162,
      0.0,
      0.0,
      0.0
    ],
    [
      3652,
      0.0,
      0.0,
      0.0
    ],
    [
      3169,
      0.0,
      0.0,
      0.0
    ],
    [
      2759,
      0.0,
      0.0,
      0.0
    ],
    [
      2441,
      0.0,
      0.0,
      0.0
    ],
    [
      2197,
      0.0,
      0.0,
      0.0
    ],
    [
      2024,
      0.0,
      0.0,
      0.0
    ],
    [
      1898,
      0.0,
      0.0,
      0.0
    ],
    [
      1811,
      0.0,
      0.0,
      0.0
    ]
  ],
  "num_samples": 100,
  "dim_sys": 2,
  "label": "single qubit"
}