{
  "inputs": [
    [
      0.001,
      2.0,
      0.05,
      100.0
    ],
    [
      0.001,
      2.0,
      0.05,
      50.5
    ]
  ],
  "outputs": [
    [
      4898,
      0.05003428012689801,
      0.0022463608338700106,
      0.05003428012689774
    ],
    [
      19204,
      0.0500397063633884,
      0.0011959695293057846,
      0.050039706363388434
    ]
  ],
  "num_samples": 100,
  "dim_sys": 2,
  "label": "single qubit"
}