{
  "inputs": [
    [
      0.06,
      2.0,
      0.05,
      5000.0
    ],
    [
      0.05209975607950693,
      2.0,
      0.05,
      5000.0
    ],
    [
      0.04523974305906865,
      2.0,
      0.05,
      5000.0
    ],
    [
      0.039282992974617376,
      2.0,
      0.05,
      5000.0
    ],
    [
      0.03411057253417583,
      2.0,
      0.05,
      5000.0
    ],
    [
      0.029619208479381483,
      2.0,
      0.05,
      5000.0
    ],
    [
      0.025719225617397312,
      2.0,
      0.05,
      5000.0
    ],
    [
      0.02233275635367009,
      2.0,
      0.05,
      5000.0
    ],
    [
      0.01939218597682117,
      2.0,
      0.05,
      5000.0
    ],
    [
      0.016838802654013628,
      2.0,
      0.05,
      5000.0
    ],
    [
      0.014621625182417733,
      2.0,
      0.05,
      5000.0
    ],
    [
      0.012696385091498999,
      2.0,
      0.05,
      5000.0
    ],
    [
      0.011024642772643096,
      2.0,
      0.05,
      5000.0
    ],
    [
      0.009573019988640076,
      2.0,
      0.05,
      5000.0
    ],
    [
      0.008312533439206531,
      2.0,
      0.05,
      5000.0
    ],
    [
      0.007218016076423415,
      2.0,
      0.05,
      5000.0
    ],
    [
      0.006267614615993663,
      2.0,
      0.05,
      5000.0
    ],
    [
      0.0054423532115603695,
      2.0,
      0.05,
      5000.0
    ],
    [
      0.0047257545803469385,
      2.0,
      0.05,
      5000.0
    ],
    [
      0.0041035110154614704,
      2.0,
      0.05,
      5000.0
    ],
    [
      0.003563198716251875,
      2.0,
      0.05,
      5000.0
    ],
    [
      0.003094029732992244,
      2.0,
      0.05,
      5000.0
    ],
    [
      0.002686636573193966,
      2.0,
      0.05,
      5000.0
    ],
    [
      0.0023328851689614675,
      2.0,
      0.05,
      5000.0
    ],
    [
      0.002025712471073195,
      2.0,
      0.05,
      5000.0
    ],
    [
      0.0017589854271688108,
      2.0,
      0.05,
      5000.0
    ],
    [
      0.0015273785283817065,
      2.0,
      0.05,
      5000.0
    ],
    [
      0.0013262674794960521,
      2.0,
      0.05,
      5000.0
    ],
    [
      0.0011516368696321124,
      2.0,
      0.05,
      5000.0
    ],
    [
      0.001,
      2.0,
      0.05,
      5000.0
    ]
  ],
  "outputs": [
    [
      72,
      0.049823602602819365,
      0.015313050334782138,
      0.01314752160906243
    ],
    [
      56,
      0.04993827350291812,
      0.013750934174510532,
      0.024333650903175765
    ],
    [
      53,
      0.04953633137721234,
      0.013279426796586181,
      0.02938341114613707
    ],
    [
      51,
      0.049908301340076615,
      0.015256424711625057,
      0.034978112068473316
    ],
    [
      51,
      0.04781063955631702,
      0.01575045029873929,
      0.03561037223077809
    ],
    [
      50,
      0.04704142143450993,
      0.017446622888713327,
      0.03765010257195981
    ],
    [
      50,
      0.04571321241403746,
      0.015738981677562776,
      0.038324144987329334
    ],
    [
      49,
      0.04579210474012091,
      0.01625523877064526,
      0.03995652829321346
    ],
    [
      48,
      0.04865550018446916,
      0.01910097451368187,
      0.04462305540469012
    ],
    [
      48,
      0.04826844588578563,
      0.02024978802688771,
      0.04480676414855051
    ],
    [
      48,
      0.04681434504447046,
      0.02042651560280163,
      0.044140945742111186
    ],
    [
      48,
      0.048839087244757044,
      0.01976603408841364,
      0.04674082727762172
    ],
    [
      47,
      0.04905389264690984,
      0.02120196856752766,
      0.04754512202479268
    ],
    [
      48,
      0.04400464138277613,
      0.01751255595176168,
      0.042721423007404495
    ],
    [
      48,
      0.04776674490653513,
      0.01922315712927514,
      0.04692617050797195
    ],
    [
      48,
      0.04271720802880137,
      0.018250560743955653,
      0.04178757766885371
    ],
    [
      47,
      0.049914791714567114,
      0.02007202927311696,
      0.04915389188023773
    ],
    [
      48,
      0.043479758621406336,
      0.0198690856112815,
      0.04283723314306366
    ],
    [
      48,
      0.043634643356821066,
      0.018656143898573705,
      0.043000002277422664
    ],
    [
      48,
      0.045578988832303206,
      0.022358390017346335,
      0.045126153673625866
    ],
    [
      47,
      0.04705721443308297,
      0.021943839194218055,
      0.04665464580200264
    ],
    [
      47,
      0.04906020827096736,
      0.023325187774459036,
      0.04873344030009174
    ],
    [
      47,
      0.04539010959724175,
      0.018136965450369497,
      0.04514023072536035
    ],
    [
      45,
      0.04615470466691726,
      0.020859717520415568,
      0.045877758639973606
    ],
    [
      42,
      0.04972850137324872,
      0.019628872278556152,
      0.049446279405145115
    ],
    [
      40,
      0.041932443917388505,
      0.018428104079025526,
      0.04157328226766381
    ],
    [
      36,
      0.048265764789598535,
      0.01857231116211321,
      0.047946343368010375
    ],
    [
      34,
      0.04867615269617738,
      0.01889489319055183,
      0.048479964787761086
    ],
    [
      34,
      0.044704231197002516,
      0.01734144193647595,
      0.04456417959520784
    ],
    [
      34,
      0.04944795883244237,
      0.019345091997785693,
      0.049221517975368806
    ]
  ],
  "num_samples": 200,
  "dim_sys": 10,
  "label": "alpha"
}