{
  "inputs": [
    [
      0.004999999999999999,
      0.1,
      0.05,
      500.0
    ],
    [
      0.004999999999999999,
      0.12286253559934776,
      0.05,
      500.0
    ],
    [
      0.004999999999999999,
      0.15095202653901,
      0.05,
      500.0
    ],
    [
      0.004999999999999999,
      0.185463487344428,
      0.05,
      500.0
    ],
    [
      0.004999999999999999,
      0.22786514316233974,
      0.05,
      500.0
    ],
    [
      0.004999999999999999,
      0.2799608926363344,
      0.05,
      500.0
    ],
    [
      0.004999999999999999,
      0.34396705137956807,
      0.05,
      500.0
    ],
    [
      0.004999999999999999,
      0.4226066409512487,
      0.05,
      500.0
    ],
    [
      0.004999999999999999,
      0.5192252346839357,
      0.05,
      500.0
    ],
    [
      0.004999999999999999,
      0.6379332888043474,
      0.05,
      500.0
    ],
    [
      0.004999999999999999,
      0.7837810140573315,
      0.05,
      500.0
    ],
    [
      0.004999999999999999,
      0.9629732274171177,
      0.05,
      500.0
    ],
    [
      0.004999999999999999,
      1.1831333243475444,
      0.05,
      500.0
    ],
    [
      0.004999999999999999,
      1.4536276018142484,
      0.05,
      500.0
    ],
    [
      0.004999999999999999,
      1.7859637297609765,
      0.05,
      500.0
    ],
    [
      0.004999999999999999,
      2.1942803232690182,
      0.05,
      500.0
    ],
    [
      0.004999999999999999,
      2.695948443325881,
      0.05,
      500.0
    ],
    [
      0.004999999999999999,
      3.312310615921323,
      0.05,
      500.0
    ],
    [
      0.004999999999999999,
      4.06958880964731,
      0.05,
      500.0
    ],
    [
      0.004999999999999999,
      4.999999999999999,
      0.05,
      500.0
    ]
  ],
  "outputs": [
    [
      3,
      0.04990918064074359,
      0.001419210116619849,
      0.04987456424662984
    ],
    [
      5,
      0.04234761992683283,
      0.0014351932423408808,
      0.042310066665287346
    ],
    [
      6,
      0.04384605903012566,
      0.0013824181072130068,
      0.043809384237227536
    ],
    [
      7,
      0.04625674782122949,
      0.00168913837750525,
      0.04621265123726345
    ],
    [
      9,
      0.04266226987525922,
      0.001963336953816657,
      0.04262090071179995
    ],
    [
      10,
      0.04797183207612947,
      0.0019292397331914278,
      0.04792956729288246
    ],
    [
      12,
      0.04742253717372434,
      0.001710318085121267,
      0.047385721333556764
    ],
    [
      14,
      0.049467337854229,
      0.0019584783274118837,
      0.04943197144397478
    ],
    [
      17,
      0.04683843775619341,
      0.00202600251717438,
      0.04681012939168868
    ],
    [
      20,
      0.04710200476511275,
      0.002265228561409053,
      0.04707874808368778
    ],
    [
      23,
      0.04786008453140028,
      0.002179405682767389,
      0.0478384253409515
    ],
    [
      27,
      0.04605070726074866,
      0.0026255207213365587,
      0.04603451303464047
    ],
    [
      30,
      0.04745473601243282,
      0.003184387662631986,
      0.047436605960990405
    ],
    [
      33,
      0.048560200629936136,
      0.00438509956526014,
      0.04854831916375776
    ],
    [
      36,
      0.047217422468376624,
      0.003921430469509152,
      0.047209492050877294
    ],
    [
      38,
      0.04732578236241986,
      0.0047137302254044045,
      0.0473172310288306
    ],
    [
      39,
      0.04994186937000948,
      0.004355705910066149,
      0.04993557864320697
    ],
    [
      40,
      0.049513469717093424,
      0.0052861478887860905,
      0.04950572470737017
    ],
    [
      41,
      0.04754839396015919,
      0.005251365817095561,
      0.04754028163741572
    ],
    [
      41,
      0.04926575994768312,
      0.005802812207109945,
      0.049257519081204286
    ]
  ],
  "num_samples": 100,
  "dim_sys": 10,
  "label": "Number of steps to reach fixed schatten distance while varying environment beta"
}