{
  "inputs": [
    [
      0.004999999999999999,
      0.1,
      0.05,
      5000.0
    ],
    [
      0.004999999999999999,
      0.12286253559934776,
      0.05,
      5000.0
    ],
    [
      0.004999999999999999,
      0.15095202653901,
      0.05,
      5000.0
    ],
    [
      0.004999999999999999,
      0.185463487344428,
      0.05,
      5000.0
    ],
    [
      0.004999999999999999,
      0.22786514316233974,
      0.05,
      5000.0
    ],
    [
      0.004999999999999999,
      0.2799608926363344,
      0.05,
      5000.0
    ],
    [
      0.004999999999999999,
      0.34396705137956807,
      0.05,
      5000.0
    ],
    [
      0.004999999999999999,
      0.4226066409512487,
      0.05,
      5000.0
    ],
    [
      0.004999999999999999,
      0.5192252346839357,
      0.05,
      5000.0
    ],
    [
      0.004999999999999999,
      0.6379332888043474,
      0.05,
      5000.0
    ],
    [
      0.004999999999999999,
      0.7837810140573315,
      0.05,
      5000.0
    ],
    [
      0.004999999999999999,
      0.9629732274171177,
      0.05,
      5000.0
    ],
    [
      0.004999999999999999,
      1.1831333243475444,
      0.05,
      5000.0
    ],
    [
      0.004999999999999999,
      1.4536276018142484,
      0.05,
      5000.0
    ],
    [
      0.004999999999999999,
      1.7859637297609765,
      0.05,
      5000.0
    ],
    [
      0.004999999999999999,
      2.1942803232690182,
      0.05,
      5000.0
    ],
    [
      0.004999999999999999,
      2.695948443325881,
      0.05,
      5000.0
    ],
    [
      0.004999999999999999,
      3.312310615921323,
      0.05,
      5000.0
    ],
    [
      0.004999999999999999,
      4.06958880964731,
      0.05,
      5000.0
    ],
    [
      0.004999999999999999,
      4.999999999999999,
      0.05,
      5000.0
    ]
  ],
  "outputs": [
    [
      10,
      0.049683113189293,
      0.002210212372631632,
      0.04968310733822714
    ],
    [
      12,
      0.04496766362135154,
      0.002421152857466886,
      0.044827726175560516
    ],
    [
      13,
      0.048959103838215424,
      0.0025125608022050884,
      0.04891307090014697
    ],
    [
      15,
      0.046515470993851254,
      0.0021853276088712637,
      0.04651544460802131
    ],
    [
      17,
      0.0448767855004035,
      0.0020941049850733786,
      0.0446814963577581
    ],
    [
      19,
      0.0463274886898067,
      0.0018360049706796072,
      0.04632744105234037
    ],
    [
      21,
      0.048706766440857294,
      0.0023452248360786594,
      0.048706683728366056
    ],
    [
      24,
      0.04659958037213884,
      0.0025536130853484533,
      0.04640916182254857
    ],
    [
      27,
      0.049369068790119375,
      0.002630937727658634,
      0.04936898843860913
    ],
    [
      31,
      0.049520113813731156,
      0.002793889828978351,
      0.049519968690212746
    ],
    [
      36,
      0.046680110778139376,
      0.0030613593636604,
      0.046679854435145045
    ],
    [
      40,
      0.04820907105388609,
      0.0034961388866963177,
      0.04820870820342619
    ],
    [
      44,
      0.048784872063297485,
      0.0034318401680003634,
      0.04878433997485412
    ],
    [
      48,
      0.048085402572122786,
      0.004053414204201934,
      0.048084641068946325
    ],
    [
      51,
      0.048847924504376715,
      0.0045792761372371905,
      0.04884690795330673
    ],
    [
      53,
      0.04887166207696704,
      0.0051892400782567625,
      0.04887049943326505
    ],
    [
      55,
      0.048302553601231965,
      0.005175180409682949,
      0.0483009467166074
    ],
    [
      56,
      0.04866917514345542,
      0.005396590324267203,
      0.04866758077302923
    ],
    [
      56,
      0.04924657787491451,
      0.0061490924062185,
      0.049244788344121763
    ],
    [
      57,
      0.04798428988295567,
      0.0059065506952349755,
      0.04798224251508526
    ]
  ],
  "num_samples": 100,
  "dim_sys": 10,
  "label": "beta_sys"
}