{
  "inputs": [
    [
      0.004999999999999999,
      0.1,
      0.05,
      500.0
    ],
    [
      0.004999999999999999,
      0.12286253559934776,
      0.05,
      500.0
    ],
    [
      0.004999999999999999,
      0.15095202653901,
      0.05,
      500.0
    ],
    [
      0.004999999999999999,
      0.185463487344428,
      0.05,
      500.0
    ],
    [
      0.004999999999999999,
      0.22786514316233974,
      0.05,
      500.0
    ],
    [
      0.004999999999999999,
      0.2799608926363344,
      0.05,
      500.0
    ],
    [
      0.004999999999999999,
      0.34396705137956807,
      0.05,
      500.0
    ],
    [
      0.004999999999999999,
      0.4226066409512487,
      0.05,
      500.0
    ],
    [
      0.004999999999999999,
      0.5192252346839357,
      0.05,
      500.0
    ],
    [
      0.004999999999999999,
      0.6379332888043474,
      0.05,
      500.0
    ],
    [
      0.004999999999999999,
      0.7837810140573315,
      0.05,
      500.0
    ],
    [
      0.004999999999999999,
      0.9629732274171177,
      0.05,
      500.0
    ],
    [
      0.004999999999999999,
      1.1831333243475444,
      0.05,
      500.0
    ],
    [
      0.004999999999999999,
      1.4536276018142484,
      0.05,
      500.0
    ],
    [
      0.004999999999999999,
      1.7859637297609765,
      0.05,
      500.0
    ],
    [
      0.004999999999999999,
      2.1942803232690182,
      0.05,
      500.0
    ],
    [
      0.004999999999999999,
      2.695948443325881,
      0.05,
      500.0
    ],
    [
      0.004999999999999999,
      3.312310615921323,
      0.05,
      500.0
    ],
    [
      0.004999999999999999,
      4.06958880964731,
      0.05,
      500.0
    ],
    [
      0.004999999999999999,
      4.999999999999999,
      0.05,
      500.0
    ]
  ],
  "outputs": [
    [
      29,
      0.04938102841951679,
      0.0018048222557835534,
      0.0491718946823361
    ],
    [
      38,
      0.04990357494140424,
      0.002166967662826233,
      0.04970125832383576
    ],
    [
      47,
      0.049994810467836236,
      0.0020659428424158644,
      0.04979087568562789
    ],
    [
      56,
      0.04934478964487033,
      0.002612870252627073,
      0.04913356350904946
    ],
    [
      63,
      0.0496471953807316,
      0.002685032208221817,
      0.04941423544169617
    ],
    [
      68,
      0.0499076365913286,
      0.002837548333374229,
      0.04965263918924522
    ],
    [
      72,
      0.04891207449378994,
      0.0031015232590684057,
      0.04867142585788725
    ],
    [
      73,
      0.048674760413284564,
      0.004183216300310545,
      0.04838684186328983
    ],
    [
      71,
      0.04851057223527857,
      0.005354949287200248,
      0.048144431398266324
    ],
    [
      66,
      0.04887771769968075,
      0.004853934346568304,
      0.04847510733558301
    ],
    [
      60,
      0.04902310035164739,
      0.006438363030975345,
      0.048533036832219614
    ],
    [
      54,
      0.0468653037914906,
      0.007334633278850351,
      0.04626684622109385
    ],
    [
      47,
      0.04775111354557507,
      0.00876003742698311,
      0.04686162399702768
    ],
    [
      41,
      0.04779643292196453,
      0.012133591746684658,
      0.0467135780839928
    ],
    [
      37,
      0.044665799768198615,
      0.01208005107104751,
      0.043309665749935625
    ],
    [
      32,
      0.04999124362257801,
      0.02046493136151256,
      0.04813361335269025
    ],
    [
      30,
      0.04390718077009703,
      0.017820744200019053,
      0.04197258491066889
    ],
    [
      28,
      0.04896579154509973,
      0.025894174819287526,
      0.04646877513347435
    ],
    [
      27,
      0.04253776685692108,
      0.02235427542484687,
      0.03979061576547404
    ],
    [
      26,
      0.04905686829700864,
      0.031569563366888584,
      0.046329140086234594
    ]
  ],
  "num_samples": 100,
  "dim_sys": 10,
  "label": "Number of steps to reach fixed schatten distance while varying environment beta"
}