{"inputs":[[0.1,1.0,0.0,100.0],[0.1,10.0,0.0,100.0],[0.0505,1.0,0.0,100.0],[0.0505,10.0,0.0,100.0],[0.0010000000000000009,1.0,0.0,100.0],[0.0010000000000000009,10.0,0.0,100.0]],"outputs":[[0.6017965763761444,0.5869001395284837,0.009996580903762995,0.5837248986521522],[0.9486354432881976,0.923362751585197,0.02909661503723404,0.9138986602174656],[0.6017965763761444,0.5865711227883377,0.009747441595183334,0.5830602584615213],[0.9486354432881976,0.9122151456700478,0.03218976437646427,0.9033864131709173],[0.6017965763761444,0.6014729119028127,0.0001473415935425608,0.6014723735944176],[0.9486354432881976,0.9479977936320573,0.0004105988275955878,0.9479962661576479]],"num_samples":100,"dim_sys":10,"label":"first run with new setup"}