{
    "inputs": [
        [
            0.001,
            1.0,
            0.0,
            100.0
        ],
        [
            0.001,
            1.0,
            0.1111111111111111,
            100.0
        ],
        [
            0.001,
            1.0,
            0.2222222222222222,
            100.0
        ],
        [
            0.001,
            1.0,
            0.3333333333333333,
            100.0
        ],
        [
            0.001,
            1.0,
            0.4444444444444444,
            100.0
        ],
        [
            0.001,
            1.0,
            0.5555555555555556,
            100.0
        ],
        [
            0.001,
            1.0,
            0.6666666666666666,
            100.0
        ],
        [
            0.001,
            1.0,
            0.7777777777777777,
            100.0
        ],
        [
            0.001,
            1.0,
            0.8888888888888888,
            100.0
        ],
        [
            0.001,
            1.0,
            1.0,
            100.0
        ],
        [
            0.0001,
            1.0,
            0.0,
            100.0
        ],
        [
            0.0001,
            1.0,
            0.1111111111111111,
            100.0
        ],
        [
            0.0001,
            1.0,
            0.2222222222222222,
            100.0
        ],
        [
            0.0001,
            1.0,
            0.3333333333333333,
            100.0
        ],
        [
            0.0001,
            1.0,
            0.4444444444444444,
            100.0
        ],
        [
            0.0001,
            1.0,
            0.5555555555555556,
            100.0
        ],
        [
            0.0001,
            1.0,
            0.6666666666666666,
            100.0
        ],
        [
            0.0001,
            1.0,
            0.7777777777777777,
            100.0
        ],
        [
            0.0001,
            1.0,
            0.8888888888888888,
            100.0
        ],
        [
            0.0001,
            1.0,
            1.0,
            100.0
        ]
    ],
    "outputs": [
        [
            0.6017965763761444,
            0.6014641373234614,
            0.00013070058070570916,
            0.6014636034696677
        ],
        [
            0.5259910763079774,
            0.5255611798540644,
            0.00019546784710609244,
            0.5255606641912344
        ],
        [
            0.44629785442172354,
            0.44584771836310844,
            0.0002420605324605454,
            0.44584727603722335
        ],
        [
            0.3672049766671728,
            0.3667002834877577,
            0.0002670805184890834,
            0.36669981105774546
        ],
        [
            0.29196203148246186,
            0.2914547409967662,
            0.00030186914838150296,
            0.29145431186878284
        ],
        [
            0.22220498533616853,
            0.22179062320690388,
            0.00024868896720034884,
            0.22179024146414777
        ],
        [
            0.1583942869475372,
            0.15802245846243645,
            0.00022447966576590007,
            0.15802202870167528
        ],
        [
            0.10037083528710061,
            0.10012494236369093,
            0.00015484412700665366,
            0.10012442697540679
        ],
        [
            0.04772838089132216,
            0.04760357338271482,
            0.00007895030069984356,
            0.04760256909605787
        ],
        [
            0.0,
            0.0007740030144530493,
            0.00007210733402226267,
            0.0007057538543493648
        ],
        [
            0.6017965763761444,
            0.6017931998491334,
            1.2888754191225457e-6,
            0.6017931997953565
        ],
        [
            0.5259910763079774,
            0.5259868072802206,
            2.0396250267447388e-6,
            0.5259868072090953
        ],
        [
            0.44629785442172354,
            0.44629326846269335,
            2.6126318294908864e-6,
            0.4462932683086305
        ],
        [
            0.3672049766671728,
            0.3671999555611725,
            2.5758558321895e-6,
            0.3671999552564609
        ],
        [
            0.29196203148246186,
            0.29195714747945223,
            3.0417146476671417e-6,
            0.29195714687593133
        ],
        [
            0.22220498533616853,
            0.22220034104208097,
            3.174749566655586e-6,
            0.22220033998457686
        ],
        [
            0.1583942869475372,
            0.1583904655552738,
            2.102003363789349e-6,
            0.15839046357869718
        ],
        [
            0.10037083528710061,
            0.10036809947679981,
            1.8504521727022888e-6,
            0.10036809591496071
        ],
        [
            0.04772838089132216,
            0.0477271005084736,
            8.848400220855126e-7,
            0.047727091225681494
        ],
        [
            0.0,
            0.00007695111127089846,
            6.9258144636539885e-6,
            0.00007029513306557912
        ]
    ],
    "num_samples": 100,
    "dim_sys": 10,
    "label": "beta_env harmonic oscillator test"
}