{"time_exponent_dim": 2.0, "alpha_exponent_dim": -1.0, "alpha_exponent_time": -1.0, "beta": 4.0, "dim": 4, "num_samples": 100, "epsilons": [0.5, 0.359842836500576, 0.2589737339615606, 0.186379686015747, 0.13413478976398627, 0.09653488644416251, 0.0694747747186569, 0.049999999999999996, 0.035984283650057604, 0.02589737339615606, 0.018637968601574708, 0.013413478976398628, 0.009653488644416256, 0.006947477471865694, 0.004999999999999999], "exponents": [-1.0, -2.0, -3.0], "total_times": {"-1.0": [1289.7627688842626, 1840.4017716085202, 2515.255517438464, 3520.8238710319715, 4543.417071281297, 6025.092230713649, 7830.619460565703, 9946.030363919064, 12736.218443795387, 16007.296868976959, 20040.88081095352, 25005.05655064066, 30940.792877876655, 38967.49128714431, 48196.39820567508], "-2.0": [1063.4885989045674, 2107.1266660445376, 3961.52743996558, 7523.444692836739, 13586.564511235416, 24975.80967432581, 44555.61770585446, 78852.70115855259, 139761.01961171493, 244484.1180174804, 426952.79996668815, 732744.8615723649, 1272480.8186722535, 2226905.745921976, 3761581.801742453], "-3.0": [1131.3708498984759, 3067.3362860142, 8048.817655803084, 21199.065834003028, 53822.017613639975, 136620.2537443018, 340965.8101550198, 839187.3676837612, 2062002.2006322239, 5024203.308571507, 12200794.479201786, 29102846.536304213, 70313766.04636621, 170842119.91667277, 401331860.40699637]}}