{"0.01": [[12.742749857031335, 11621.387869612578], [16.237767391887218, 16286.480694062879], [20.6913808111479, 8835.219606360153], [26.366508987303583, 6037.93055809252], [33.59818286283781, 4670.147417934456], [42.81332398719393, 3810.38583486026], [54.5559478116852, 2836.9092862076304], [69.51927961775606, 2224.6169477681938], [88.58667904100822, 1771.7335808201644], [112.88378916846884, 1693.2568375270325], [143.8449888287663, 1294.6048994588969], [183.29807108324357, 1466.3845686659486], [233.57214690901213, 1635.0050283630849], [297.63514416313194, 2083.4460091419237], [379.26901907322497, 2275.6141144393496], [483.2930238571752, 3866.344190857402], [615.8482110660261, 4310.937477462183], [784.7599703514607, 4708.559822108764], [1000.0, 7000.0]], "0.00775": [[12.742749857031335, 19458.179031686846], [16.237767391887218, 22862.776487777202], [20.6913808111479, 13656.311335357615], [26.366508987303583, 9781.97483428963], [33.59818286283781, 7660.385692727021], [42.81332398719393, 5651.358766309599], [54.5559478116852, 4800.923407428298], [69.51927961775606, 3684.521819741071], [88.58667904100822, 2923.3604083532714], [112.88378916846884, 2596.3271508747835], [143.8449888287663, 2013.8298436027283], [183.29807108324357, 2016.2787819156792], [233.57214690901213, 1635.0050283630849], [297.63514416313194, 2083.4460091419237], [379.26901907322497, 2275.6141144393496], [483.2930238571752, 2416.465119285876], [615.8482110660261, 4310.937477462183], [784.7599703514607, 4708.559822108764], [1000.0, 6000.0]], "0.0055": [[12.742749857031335, 38674.2458160901], [16.237767391887218, 63944.32798925186], [20.6913808111479, 30519.786696443156], [26.366508987303583, 20064.913339338025], [33.59818286283781, 15623.155031219581], [42.81332398719393, 11688.037448503943], [54.5559478116852, 9219.955180174798], [69.51927961775606, 7090.966521011118], [88.58667904100822, 5758.134137665535], [112.88378916846884, 4402.467777570285], [143.8449888287663, 4027.6596872054565], [183.29807108324357, 3116.0672084151406], [233.57214690901213, 2802.8657629081454], [297.63514416313194, 2678.7162974681873], [379.26901907322497, 2654.8831335125747], [483.2930238571752, 3383.0511670002265], [615.8482110660261, 4310.937477462183], [784.7599703514607, 4708.559822108764], [1000.0, 8000.0]], "0.0032499999999999994": [[12.742749857031335, 110581.58325931792], [20.6913808111479, 79972.18683508664], [26.366508987303583, 56608.894795740795], [33.59818286283781, 44047.21773318037], [42.81332398719393, 33736.899301908816], [54.5559478116852, 26295.966845232266], [69.51927961775606, 20438.66820762028], [88.58667904100822, 16211.362264504505], [112.88378916846884, 12868.751965205447], [143.8449888287663, 10500.68418449994], [183.29807108324357, 8065.115127662717], [233.57214690901213, 6540.0201134523395], [297.63514416313194, 5357.432594936375], [379.26901907322497, 4551.228228878699], [483.2930238571752, 3866.344190857402], [615.8482110660261, 4926.785688528209], [784.7599703514607, 4708.559822108764], [1000.0, 6000.0]], "0.001": [[26.366508987303583, 593061.8866514195], [33.59818286283781, 458010.428786205], [42.81332398719393, 350298.61686322076], [54.5559478116852, 276271.3197183739], [69.51927961775606, 212450.91851186252], [88.58667904100822, 168048.9301407926], [112.88378916846884, 130493.66027874997], [143.8449888287663, 103712.2369455405], [183.29807108324357, 81384.34356096014], [233.57214690901213, 66100.91757525044], [297.63514416313194, 50002.704219406165], [379.26901907322497, 39823.24700268862], [483.2930238571752, 32380.63259843074], [615.8482110660261, 27713.169497971176], [784.7599703514607, 20403.759229137977], [1000.0, 17000.0]]}