{"0.01": [[25.000000000000007, 5625.000000000002], [30.011373416941368, 4831.83112012756], [36.02730137484379, 3999.03045260766], [43.24915179060487, 3330.184687876575], [51.918657774152855, 2699.7702042559486], [62.32600903065948, 2430.7143521957196], [74.81956522427123, 1945.3086958310519], [89.8175164335522, 1796.350328671044], [107.82188100278404, 1509.5063340389765], [129.43530933166275, 1294.3530933166276], [155.38125606759374, 1243.05004854075], [186.52819591351775, 1305.6973713946243], [223.91869361395916, 1343.512161683755], [268.8043011632883, 1612.8258069797298], [322.6874503316566, 1613.437251658283], [387.3717427545623, 2324.230456527374], [465.02232091914095, 2325.1116045957046], [558.2383408126835, 3907.668385688785], [670.1399720713285, 4020.8398324279715], [804.4728377380521, 5631.309864166365], [965.7333894857259, 5794.400336914356], [1159.3194149225842, 6955.916489535505], [1391.7107148300668, 9741.975003810467], [1670.68599804494, 13365.48798435952], [2005.5832539912813, 14039.08277793897], [2407.6123181718685, 14445.673909031211], [2890.230092955353, 20231.61065068747], [3469.590983222571, 24287.136882558], [4165.0876240618145, 33320.700992494516], [4999.999999999999, 34999.99999999999]], "0.00775": [[25.000000000000007, 9000.000000000002], [30.011373416941368, 7772.945714987814], [36.02730137484379, 6484.914247471882], [43.24915179060487, 5406.143973825609], [51.918657774152855, 4620.7605418996045], [62.32600903065948, 3739.5605418395685], [74.81956522427123, 3292.0608698679343], [89.8175164335522, 2694.525493006566], [107.82188100278404, 2156.437620055681], [129.43530933166275, 1941.5296399749413], [155.38125606759374, 2019.9563288787185], [186.52819591351775, 1678.7537632216597], [223.91869361395916, 1791.3495489116733], [268.8043011632883, 1612.8258069797298], [322.6874503316566, 2258.812152321596], [387.3717427545623, 2324.230456527374], [465.02232091914095, 2790.133925514846], [558.2383408126835, 3349.4300448761014], [670.1399720713285, 4020.8398324279715], [804.4728377380521, 4826.837026428313], [965.7333894857259, 6760.133726400081], [1159.3194149225842, 6955.916489535505], [1391.7107148300668, 8350.264288980401], [1670.68599804494, 13365.48798435952], [2005.5832539912813, 16044.66603193025], [2407.6123181718685, 16853.28622720308], [2890.230092955353, 20231.61065068747], [3469.590983222571, 24287.136882558], [4165.0876240618145, 29155.6133684327], [4999.999999999999, 29999.999999999993]], "0.0055": [[25.000000000000007, 17950.000000000004], [30.011373416941368, 15485.868683141745], [36.02730137484379, 12861.746590819232], [43.24915179060487, 10639.291340488799], [51.918657774152855, 8981.927794928444], [62.32600903065948, 7229.817047556499], [74.81956522427123, 6509.302174511597], [89.8175164335522, 5478.868502446684], [107.82188100278404, 4851.9846451252815], [129.43530933166275, 3624.188661286557], [155.38125606759374, 3107.625121351875], [186.52819591351775, 2984.451134616284], [223.91869361395916, 2463.1056297535506], [268.8043011632883, 2419.2387104695945], [322.6874503316566, 1936.1247019899395], [387.3717427545623, 2711.602199281936], [465.02232091914095, 2790.133925514846], [558.2383408126835, 2791.1917040634175], [670.1399720713285, 3350.6998603566426], [804.4728377380521, 4826.837026428313], [965.7333894857259, 6760.133726400081], [1159.3194149225842, 6955.916489535505], [1391.7107148300668, 9741.975003810467], [1670.68599804494, 10024.115988269641], [2005.5832539912813, 12033.499523947688], [2407.6123181718685, 16853.28622720308], [2890.230092955353, 23121.840743642824], [3469.590983222571, 24287.136882558], [4165.0876240618145, 29155.6133684327], [4999.999999999999, 39999.99999999999]], "0.0032499999999999994": [[25.000000000000007, 51575.000000000015], [30.011373416941368, 44386.82128365628], [36.02730137484379, 36495.656292716754], [43.24915179060487, 30317.655405214013], [51.918657774152855, 25180.549020464136], [62.32600903065948, 20692.234998178945], [74.81956522427123, 17732.23695815228], [89.8175164335522, 14370.802629368352], [107.82188100278404, 11860.406910306245], [129.43530933166275, 10225.389437201356], [155.38125606759374, 9012.112851920438], [186.52819591351775, 7274.5996406271925], [223.91869361395916, 6269.723421190856], [268.8043011632883, 4838.477420939189], [322.6874503316566, 4840.311754974849], [387.3717427545623, 4261.089170300185], [465.02232091914095, 4185.2008882722685], [558.2383408126835, 4465.906726501468], [670.1399720713285, 4020.8398324279715], [804.4728377380521, 5631.309864166365], [965.7333894857259, 6760.133726400081], [1159.3194149225842, 8115.23590445809], [1391.7107148300668, 6958.553574150334], [1670.68599804494, 10024.115988269641], [2005.5832539912813, 14039.08277793897], [2407.6123181718685, 16853.28622720308], [2890.230092955353, 20231.61065068747], [3469.590983222571, 27756.72786578057], [4165.0876240618145, 24990.525744370887], [4999.999999999999, 39999.99999999999]], "0.001": [[25.000000000000007, 545850.0000000001], [30.011373416941368, 476370.53024711035], [36.02730137484379, 389995.537382684], [43.24915179060487, 316281.04704469343], [51.918657774152855, 266913.81961691985], [62.32600903065948, 217268.46748087893], [74.81956522427123, 183307.9347994645], [89.8175164335522, 151971.23780557033], [107.82188100278404, 127121.99770228239], [129.43530933166275, 106266.38896129512], [155.38125606759374, 86858.1221417849], [186.52819591351775, 72372.94001444489], [223.91869361395916, 61801.55943745273], [268.8043011632883, 50804.01291986149], [322.6874503316566, 43562.80579477364], [387.3717427545623, 35250.82859066517], [465.02232091914095, 31156.495501582445], [558.2383408126835, 25120.72533657076], [670.1399720713285, 21444.479106282513], [804.4728377380521, 19307.348105713252], [965.7333894857259, 15451.734231771614], [1159.3194149225842, 12752.513564148427], [1391.7107148300668, 12525.396433470602], [1670.68599804494, 11694.80198631458], [2005.5832539912813, 14039.08277793897], [2407.6123181718685, 12038.061590859343], [2890.230092955353, 14451.150464776765], [3469.590983222571, 17347.954916112856], [4165.0876240618145, 24990.525744370887], [4999.999999999999, 29999.999999999993]]}