{"0.01": [[49.99999999999999, 2849.9999999999995], [63.713749285156666, 2357.408723550797], [81.18883695943607, 2110.909760945338], [103.45690405573949, 1448.3966567803527], [131.83254493651788, 1318.3254493651789], [167.99091431418904, 1343.9273145135123], [214.06661993596975, 1498.4663395517882], [272.77973905842595, 1636.6784343505556], [347.59639808878023, 2085.5783885326814], [442.9333952050411, 2657.6003712302468], [564.4189458423441, 3386.5136750540646], [719.2249441438314, 4315.349664862988], [916.4903554162177, 6415.432487913524], [1167.8607345450605, 8175.025141815424], [1488.1757208156594, 10417.230045709615], [1896.3450953661247, 13274.415667562873], [2416.4651192858755, 14498.790715715253], [3079.24105533013, 21554.68738731091], [3923.799851757303, 23542.799110543816], [4999.999999999999, 39999.99999999999]], "0.00775": [[49.99999999999999, 4649.999999999999], [63.713749285156666, 3631.68370925393], [81.18883695943607, 2922.798130539699], [103.45690405573949, 2586.422601393487], [131.83254493651788, 2109.320718984286], [167.99091431418904, 2015.8909717702686], [214.06661993596975, 1926.5995794237278], [272.77973905842595, 1909.4581734089816], [347.59639808878023, 2085.5783885326814], [442.9333952050411, 2657.6003712302468], [564.4189458423441, 3386.5136750540646], [719.2249441438314, 5034.57460900682], [916.4903554162177, 5498.942132497306], [1167.8607345450605, 7007.164407270363], [1488.1757208156594, 11905.405766525275], [1896.3450953661247, 11378.070572196748], [2416.4651192858755, 16915.255835001128], [3079.24105533013, 18475.44633198078], [3923.799851757303, 27466.59896230112], [4999.999999999999, 29999.999999999993]], "0.0055": [[49.99999999999999, 9249.999999999998], [63.713749285156666, 7454.50866636333], [81.18883695943607, 5683.218587160525], [103.45690405573949, 4759.017586564017], [131.83254493651788, 3823.1438031590183], [167.99091431418904, 3023.8364576554027], [214.06661993596975, 2782.8660591676066], [272.77973905842595, 2455.0176515258336], [347.59639808878023, 2433.174786621462], [442.9333952050411, 2657.6003712302468], [564.4189458423441, 3386.5136750540646], [719.2249441438314, 4315.349664862988], [916.4903554162177, 6415.432487913524], [1167.8607345450605, 7007.164407270363], [1488.1757208156594, 8929.054324893956], [1896.3450953661247, 11378.070572196748], [2416.4651192858755, 14498.790715715253], [3079.24105533013, 21554.68738731091], [3923.799851757303, 27466.59896230112], [4999.999999999999, 34999.99999999999]], "0.0032499999999999994": [[49.99999999999999, 25799.999999999996], [63.713749285156666, 20579.541019105603], [81.18883695943607, 16156.578554927779], [103.45690405573949, 12414.828486688739], [131.83254493651788, 10019.27341517536], [167.99091431418904, 7727.5820584526955], [214.06661993596975, 6636.065218015063], [272.77973905842595, 5728.374520226945], [347.59639808878023, 4518.753175154143], [442.9333952050411, 4429.333952050411], [564.4189458423441, 4515.351566738753], [719.2249441438314, 4315.349664862988], [916.4903554162177, 4582.451777081088], [1167.8607345450605, 8175.025141815424], [1488.1757208156594, 8929.054324893956], [1896.3450953661247, 11378.070572196748], [2416.4651192858755, 16915.255835001128], [3079.24105533013, 21554.68738731091], [3923.799851757303, 27466.59896230112], [4999.999999999999, 39999.99999999999]], "0.001": [[49.99999999999999, 272949.99999999994], [63.713749285156666, 213823.34260098578], [81.18883695943607, 168791.5920386676], [103.45690405573949, 130769.52672645471], [131.83254493651788, 103356.71523023001], [167.99091431418904, 83491.48441415196], [214.06661993596975, 64434.05260072689], [272.77973905842595, 51282.590942984076], [347.59639808878023, 39973.58578020972], [442.9333952050411, 31891.20445476296], [564.4189458423441, 25398.852562905486], [719.2249441438314, 20138.29843602728], [916.4903554162177, 17413.316752908137], [1167.8607345450605, 15182.189549085786], [1488.1757208156594, 13393.581487340934], [1896.3450953661247, 13274.415667562873], [2416.4651192858755, 12082.325596429378], [3079.24105533013, 18475.44633198078], [3923.799851757303, 27466.59896230112], [4999.999999999999, 29999.999999999993]]}